Наименование блюда;Ккал;Белки;Жиры;Углеводы;Вес,г;На 100г;;;
Бургеры;;;;;;Ккал;Белки;Жиры;Углеводы
4 сыра;850,541;30,678;47,868;47,231;219;388,3748858;14,00821918;21,85753425;21,56666667
Блю чиз;663,021;17,138;31,468;48,891;189;350,8047619;9,067724868;16,64973545;25,86825397
Гамбургер;524,006;13,176;17,141;50,247;159;329,563522;8,286792453;10,78050314;31,60188679
Дабл;829,457;24,647;23,128;72,812;233;355,9901288;10,57811159;9,926180258;31,24978541
Детский;531,94;12,659;18,422;49,833;144;369,4027778;8,790972222;12,79305556;34,60625
Крабсбургер;614,32;17,804;24,772;50,923;189;325,037037;9,42010582;13,10687831;26,94338624
Лотмит;746,505;25,832;32,141;53,001;190;392,8973684;13,59578947;16,91631579;27,89526316
Нудлзбургер;1258,13;35,872;39,753;150,702;310;405,8483871;11,5716129;12,82354839;48,61354839
Онион фри;695,315;20,295;16,648;76,254;194;358,4097938;10,46134021;8,581443299;39,30618557
Онион;698,006;18,491;23,491;61,517;201;347,2666667;9,199502488;11,68706468;30,60547264
С чипсами;594,115;18,54;19,493;57,279;169;351,5473373;10,9704142;11,53431953;33,89289941
USB;778,626;23,119;38,285;54,001;219;355,5369863;10,556621;17,48173516;24,65799087
Феймос стар;672,221;18,131;31,798;49,341;204;329,520098;8,887745098;15,5872549;24,18676471
Чизбургер;601,206;18,176;23,441;50,247;179;335,8692737;10,15418994;13,09553073;28,07094972
Чикен барбекю;433,585;21,297;3,841;53,171;172;252,0843023;12,38197674;2,233139535;30,91337209
Чикен лонг;525,376;23,616;15,233;48,303;182;288,6681319;12,97582418;8,36978022;26,54010989
Чикен;744,566;26,727;15,83;90,339;190;391,8768421;14,06684211;8,331578947;47,54684211
;;;;;;;;;
Наименование блюда;Ккал;Белки;Жиры;Углеводы;Вес,г;На 100г;;;
ВОК;;;;;;Ккал;Белки;Жиры;Углеводы
Говядина с кунжутом;431,3;27,14;1,485;26,98;200;215,65;13,57;0,7425;13,49
Индейка с тофу;681,987;33,326;24,974;38,543;200;340,9935;16,663;12,487;19,2715
Косинику тори;591,56;26,626;2,918;66,352;198;298,7676768;13,44747475;1,473737374;33,51111111
Креветка в кисло-сладком;316,577;20,033;0,658;31,064;115;275,2843478;17,42;0,572173913;27,01217391
Курица кешью;590,58;33,218;18,302;46,824;204;289,5;16,28333333;8,971568627;22,95294118
Курица с овощами тори ясай;297,164;15,12;2,037;29,914;173;171,7710983;8,739884393;1,177456647;17,29132948
Мидии террияки;377,395;21,454;2,946;41,144;142;265,7711268;15,1084507;2,074647887;28,97464789
Микс из морепродуктов;439,615;26,746;5,985;45,252;150;293,0766667;17,83066667;3,99;30,168
Митболы;469,856;16,891;16,16;32,701;122;385,1278689;13,84508197;13,24590164;26,80409836
Намакури ибусита;698,225;23,87;45,565;22,355;149;468,6073826;16,02013423;30,58053691;15,0033557
Намакури тори;428,06;26,354;14,39;23,54;168;254,797619;15,68690476;8,56547619;14,01190476
С копченостями;583,85;21,035;34,2;21,985;126;463,3730159;16,69444444;27,14285714;17,4484127
Свинина с овощами;636,527;18,756;33,289;36,882;204;312,0230392;9,194117647;16,31813725;18,07941176
Свинина стир-фрай;800,033;16,429;30,497;65,437;196;408,180102;8,382142857;15,55969388;33,38622449
Стир-фрай с говядиной;648,113;22,485;1,757;65,427;216;300,0523148;10,40972222;0,813425926;30,29027778
Стир фрай с курицей;608,573;28,849;3,797;65,437;216;281,7467593;13,35601852;1,75787037;30,29490741
Телятина с черносливом и карри ;418,61;16,461;2;41,953;140;299,0071429;11,75785714;1,428571429;29,96642857
Ясай террияки;306,445;4,729;0,596;45,75;178;172,1601124;2,656741573;0,334831461;25,70224719
;;;;;;;;;
Наименование блюда;Ккал;Белки;Жиры;Углеводы;Вес,г;На 100г;;;
Горячие блюда;;;;;;Ккал;Белки;Жиры;Углеводы
Говядина в кисло сладком;752,985;28,844;1,524;78,221;190;396,3078947;15,18105263;0,802105263;41,16894737
Говядина мисо;865,071;30,379;12,292;112,954;323;267,823839;9,405263158;3,805572755;34,97027864
Желтое карри с курицей;612,52;34,036;30,546;54,7;312;196,3205128;10,90897436;9,790384615;17,53205128
Карри зеленое с курицой;799,68;30,835;22,258;72,176;266;300,6315789;11,59210526;8,367669173;27,13383459
Картофельные лодочки;1087,3;18,39;60,055;66,363;250;434,92;7,356;24,022;26,5452
Карри красное с морепродуктами;648,258;36,195;13,363;79,676;289;224,3107266;12,52422145;4,623875433;27,56955017
Карри красное с рыбой;930,388;23,991;24,627;113,096;279;333,4724014;8,598924731;8,82688172;40,53620072
Крылья террияки;848,395;43,894;35,205;57,57;300;282,7983333;14,63133333;11,735;19,19
Курица в кисло сладком;732,989;22,473;16,108;85,256;214;342,5182243;10,50140187;7,527102804;39,83925234
Курица мисо;881,199;31,579;25,541;112,954;331;266,2232628;9,540483384;7,716314199;34,12507553
Мидии Яки;691,09;33,27;43,259;45,41;285;242,4877193;11,67368421;15,17859649;15,93333333
Овощи в кисло сладком;1325,49;4,446;0,58;52,086;227;583,9162996;1,958590308;0,255506608;22,94537445
Рис КимЧи;839,47;21,481;21,541;94,688;267;314,4082397;8,045318352;8,067790262;35,46367041
Рис с беконом;729,913;16,065;29,43;77,102;220;331,7786364;7,302272727;13,37727273;35,04636364
Рис с креветкой и беконом;637,523;14,272;18,959;76,117;219;291,1063927;6,516894977;8,657077626;34,756621
Рис с курицей;651,267;25,818;15,271;81,797;262;248,5751908;9,854198473;5,828625954;31,22022901
Свинина в кисло сладком;1107,515;25,312;54,609;80,034;221;501,138009;11,45339367;24,70995475;36,21447964
Судак с овощами;502,304;33,62;5,895;54,47;250;200,9216;13,448;2,358;21,788
Тонкацу с говядиной;681,428;29,426;7,085;84,372;281;242,5010676;10,47188612;2,521352313;30,02562278
;;;;;;;;;
Наименование блюда;Ккал;Белки;Жиры;Углеводы;Вес,г;На 100г;;;
Десерты;;;;;;Ккал;Белки;Жиры;Углеводы
Ананасы в карамели;483,032;1,924;0,736;92,547;123;392,7089431;1,564227642;0,598373984;75,24146341
Бананы в карамели;461,92;4,96;0,82;115,228;148;312,1081081;3,351351351;0,554054054;77,85675676
Жареное молоко;724,098;5,152;2,945;107,284;205;353,2185366;2,513170732;1,436585366;52,33365854
Ролл Казанова;657,778;11,72;40,851;65,86;205;320,8673171;5,717073171;19,92731707;32,12682927
Спринг ролл с бананом;640,3;8,38;43,55;76,42;140;457,3571429;5,985714286;31,10714286;54,58571429
Спринг ролл с орехом;597,332;19,068;55,473;43,196;135;442,4681481;14,12444444;41,09111111;31,99703704
Спринг ролл шоколадный;635,06;13,268;55,185;58,895;150;423,3733333;8,845333333;36,79;39,26333333
Текорето;488,748;10,818;26,986;57,258;203;240,7625616;5,329064039;13,29359606;28,20591133
Фруктовый ролл;449,284;7,43;21,488;62,855;235;191,1846809;3,161702128;9,143829787;26,74680851
Яблоки в карамели;506,8;3,37;0,752;101,788;148;342,4324324;2,277027027;0,508108108;68,77567568
;;;;;;;;;
Наименование блюда;Ккал;Белки;Жиры;Углеводы;Вес,г;На 100г;;;
Закуски;;;;;;Ккал;Белки;Жиры;Углеводы
Сет закусочный;3078,4;79,739;89,631;271,439;570;540,0701754;13,98929825;15,72473684;47,62087719
Гренки чесночные;762,2;9,52;16,61;93,255;150;508,1333333;6,346666667;11,07333333;62,17
Драники картофельные;466,75;9,375;14,915;50,746;200;233,375;4,6875;7,4575;25,373
Картофель фри с сырным соусом;895,21;14,225;25,555;95,79;200;447,605;7,1125;12,7775;47,895
Картофель фри;799,76;6,9;15,48;104,44;200;399,88;3,45;7,74;52,22
Кольца кальмара;717,197;25,404;24,612;53,756;195;367,7933333;13,02769231;12,62153846;27,56717949
Луковые кольца;722,1;5,6;24,717;78,299;150;481,4;3,733333333;16,478;52,19933333
Острые крылья;828,509;45,243;40;22,56;150;552,3393333;30,162;26,66666667;15,04
Сырные палочки;959,45;32,235;44,615;57,65;165;581,4848485;19,53636364;27,03939394;34,93939394
;;;;;;;;;
Наименование блюда;Ккал;Белки;Жиры;Углеводы;Вес,г;На 100г;;;
Пицца;;;;;;Ккал;Белки;Жиры;Углеводы
Барбекю;1566,12;59,824;49,749;174,144;499;313,8517034;11,98877756;9,969739479;34,89859719
Болоньезо;1255,171;51,716;41,575;167,949;517;242,7796905;10,00309478;8,041586074;32,48529981
Вегетарианская;1218,927;41,704;32,956;166,047;487;250,2930185;8,563449692;6,767145791;34,09589322
Времена года;1216,235;56,06;40,497;161,591;487;249,7402464;11,51129363;8,315605749;33,18090349
Гавайская ;932,475;37,46;9,387;168,561;466;200,1019313;8,038626609;2,014377682;36,17188841
Дабл;2804,942;86,722;123,891;305,29;872;321,6676606;9,945183486;14,20768349;35,0103211
Деревенская;1410,145;52,202;61,962;164,054;495;284,8777778;10,54585859;12,51757576;33,14222222
Детская;1579,175;50,68;74,468;181,086;503;313,9512922;10,07554672;14,80477137;36,00119284
Дон карлеоне;1692,83;74,227;79,279;181,096;570;296,9877193;13,0222807;13,90859649;31,77122807
Жульен;1148,368;52,811;35,017;159,656;430;267,0623256;12,28162791;8,143488372;37,12930233
Карне;2807,118;98,814;140,343;278,259;880;318,9906818;11,22886364;15,94806818;31,62034091
Классика;1395,235;50,47;64,087;158,811;458;304,6364629;11,01965066;13,99279476;34,67489083
Королевская;2242,867;94,468;124,727;191,442;750;299,0489333;12,59573333;16,63026667;25,5256
Летняя;1268,905;53,905;45,872;165,038;521;243,5518234;10,34644914;8,804606526;31,67715931
Маргарита;1080,035;42,22;32,048;160,441;397;272,0491184;10,63476071;8,072544081;40,41335013
Мексиканская;1143,095;55,771;31,356;164,194;498;229,5371486;11,19899598;6,296385542;32,97068273
Мясной гигант;1832,21;73,342;79,737;188,206;575;318,6452174;12,75513043;13,86730435;32,73147826
Неаполь;1308,695;57,375;46,665;162,415;515;254,115534;11,1407767;9,061165049;31,5368932
Охотничья;1656,614;56,831;71,012;161,417;505;328,0423762;11,25366337;14,06178218;31,96376238
Пепперета;1547,275;49,195;79,677;164,056;460;336,3641304;10,69456522;17,32108696;35,66434783
Пепперони гранд;1635,535;51,16;90,607;158,761;432;378,5960648;11,84259259;20,97384259;36,75023148
Польпетто;2064,863;70,904;104,245;192,189;667;309,5746627;10,63028486;15,62893553;28,81394303
Римская;1489,055;49,964;64,438;161,198;486;306,3899177;10,28065844;13,25884774;33,16831276
Сосисочная;1823,107;70,936;76,854;159,663;530;343,9824528;13,38415094;14,50075472;30,12509434
Студенческая;1309,367;44,269;54,964;161,653;447;292,9232662;9,903579418;12,29619687;36,1639821
Тропикана;1245,095;44,666;45,053;169,901;450;276,6877778;9,925777778;10,01177778;37,75577778
Фламинго;1577,019;54,098;81,629;158,317;458;344,3272926;11,81179039;17,82292576;34,56703057
Цезарь;1417,863;61,76;62,336;158,996;484;292,9469008;12,76033058;12,87933884;32,85041322
Чикаго;4730,035;212,545;349,29;177,567;1296;364,9718364;16,40007716;26,95138889;13,70115741
;;;;;;;;;
Наименование блюда;Ккал;Белки;Жиры;Углеводы;Вес,г;На 100г;;;
Салаты;;;;;;Ккал;Белки;Жиры;Углеводы
Греческий;744,33;4,589;12,77;29,063;250;297,732;1,8356;5,108;11,6252
Курица с фунчезой;315;19,587;2,177;19,87;182;173,0769231;10,76208791;1,196153846;10,91758242
Лемен с фунчезой;316,309;17,52;8,797;19,688;185;170,9778378;9,47027027;4,755135135;10,64216216
Салат крем с креветками;219,209;10,904;15,77;5,91;138;158,8471014;7,901449275;11,42753623;4,282608696
Свинина с фунчезой;1060,71;24,724;49,661;57,37;232;457,2025862;10,65689655;21,40560345;24,72844828
Тайский салат;321,73;14,043;0,911;28,951;212;151,759434;6,624056604;0,429716981;13,65613208
Цезарь с телятиной и беконом;775,962;22,866;42,067;40,52;245;316,7191837;9,333061224;17,17020408;16,53877551
Цезарь с креветкой;427,192;21,951;23,303;32,884;235;181,7838298;9,340851064;9,916170213;13,99319149
Цезарь с курицей;663,492;37,303;28;40,208;285;232,8042105;13,08877193;9,824561404;14,10807018
Чукка сарадо;123,667;0,213;1,135;1,799;180;68,70388889;0,118333333;0,630555556;0,999444444
Шиитаке сарадо;372,511;13,317;11,601;28,496;183;203,5579235;7,27704918;6,339344262;15,5715847
;;;;;;;;;
Наименование блюда;Ккал;Белки;Жиры;Углеводы;Вес,г;На 100г;;;
Супы;;;;;;Ккал;Белки;Жиры;Углеводы
Сырный суп;453,036;18,882;26,995;27,306;265;170,9569811;7,125283019;10,18679245;10,30415094
Суп-пюре С курицей и шпинатом;338,663;17,087;14,019;24,274;240;141,1095833;7,119583333;5,84125;10,11416667
Крем-суп с лососем;301,87;17,02;20,05;14,09;242;124,7396694;7,033057851;8,285123967;5,82231405
Луковый суп;387,705;9,525;11,865;35,37;240;161,54375;3,96875;4,94375;14,7375
Минестроне;396,89;11,07;26,317;15,551;230;172,5608696;4,813043478;11,44217391;6,761304348
Суп Рамен с морепродуктами;362,089;18,363;3,299;65,911;270;134,107037;6,801111111;1,221851852;24,41148148
Суп из Лягушачьих лапок;293,097;24,286;6,712;33,126;350;83,742;6,938857143;1,917714286;9,464571429
Том Кха суп;324,11;19,166;9,651;53,258;200;162,055;9,583;4,8255;26,629
Том Ям суп;323,206;13,423;8,803;56,933;220;146,9118182;6,101363636;4,001363636;25,87863636
Суп Фо;273,323;31,258;10,766;23,752;255;107,1854902;12,25803922;4,221960784;9,314509804
Чикен рамен суп;401,023;23,79;4,895;44,531;310;129,3622581;7,674193548;1,579032258;14,36483871
Суп-капучино из шампиньонов;282,9;6,02;23,11;13,34;340;83,20588235;1,770588235;6,797058824;3,923529412
;;;;;;;;;
Наименование блюда;Ккал;Белки;Жиры;Углеводы;Вес,г;На 100г;;;
Жаренные роллы;;;;;;Ккал;Белки;Жиры;Углеводы
Бетакон темпура;461,27;9,802;15,472;74,278;167;276,2095808;5,869461078;9,264670659;44,47784431
Бетаон чиз маки;599,534;15,452;21,796;64,416;202;296,7990099;7,64950495;10,79009901;31,88910891
Бэб маки;536,682;18,72;20,036;74,914;217;247,318894;8,626728111;9,233179724;34,52258065
Данто ролл;505,594;12,065;10,336;71,291;197;256,6467005;6,124365482;5,246700508;36,18832487
Касан;394,184;13,172;7,866;70,825;173;227,8520231;7,613872832;4,546820809;40,93930636
Кицуне;390,414;13,914;6,525;72,815;173;225,6728324;8,042774566;3,771676301;42,08959538
Мауи ролл;370,628;11,578;5,297;73,305;173;214,2358382;6,692485549;3,061849711;42,37283237
Панко фри маки;516,902;14,033;10,944;70,872;212;243,8216981;6,619339623;5,162264151;33,43018868
Сарома темпура;358,94;13,096;1,701;77,226;187;191,9465241;7,003208556;0,909625668;41,2973262
Темпура ролл;346,498;10,2;5,106;71,165;178;194,6617978;5,730337079;2,868539326;39,98033708
Темпура сакай;412,473;11,447;9,455;75,211;187;220,5737968;6,121390374;5,056149733;40,2197861
Тортилья темпура;901,296;17,571;23,855;109,633;153;589,0823529;11,48431373;15,59150327;71,65555556
Филадельфия в кляре;435,19;14,246;11,051;74,476;187;232,7219251;7,618181818;5,909625668;39,82673797
Хару маки;396,414;15,315;11,87;63,123;193;205,3958549;7,935233161;6,150259067;32,70621762
Ходзе;428,877;13,356;10,524;75,007;196;218,8147959;6,814285714;5,369387755;38,26887755
Цезарь жареный;373,099;12,061;6,716;70,281;188;198,4569149;6,415425532;3,572340426;37,38351064
Шиитаке сяке маки;469,664;10,747;7,28;68,477;168;279,5619048;6,39702381;4,333333333;40,76011905
Ямато ролл;491,869;12,016;17,658;75,84;211;233,1132701;5,69478673;8,368720379;35,94312796
;;;;;;;;;
Наименование блюда;Ккал;Белки;Жиры;Углеводы;Вес,г;На 100г;;;
Запеченные роллы;;;;;;Ккал;Белки;Жиры;Углеводы
Каеси яки маки;421,972;17,797;18,295;50,276;229;184,2672489;7,771615721;7,989082969;21,95458515
Калифорния запеченая;423,808;10,918;22,765;47,622;222;190,9045045;4,918018018;10,2545045;21,45135135
Кани яки маки;558,971;18,772;21,246;50,49;207;270,0342995;9,068599034;10,26376812;24,39130435
Лава запеченая;481,673;12,628;25,055;59,806;202;238,4519802;6,251485149;12,40346535;29,60693069
нагайна маки;492,615;11,976;15,568;52,661;195;252,6230769;6,141538462;7,983589744;27,00564103
СиаСтар яки маки;492,6;7,82;18,283;51,933;177;278,3050847;4,418079096;10,32937853;29,34067797
Тортилья запеченая;617,153;19,166;41,063;47,186;178;346,7151685;10,76741573;23,06910112;26,50898876
Унаги маки запеченые;353,028;8,247;11,643;57,876;165;213,9563636;4,998181818;7,056363636;35,07636364
Филадельфия яки;772,78;30,966;33,625;51,763;217;356,1198157;14,27004608;15,49539171;23,85391705
Шиитаки яки;388,353;8,572;14,233;61,562;307;126,4993485;2,79218241;4,636156352;20,05276873
Эби яки маки;489,322;8,474;17,837;51,509;207;236,3874396;4,093719807;8,616908213;24,88357488
Экзотика;587,931;14,501;27,299;47,079;237;248,0721519;6,118565401;11,5185654;19,86455696
Яки спайс маки;527,238;10;19,33;53,571;197;267,6335025;5,076142132;9,812182741;27,19340102
Ясай запеченый;377,976;8,034;19,764;45,827;207;182,5971014;3,88115942;9,547826087;22,13864734
Ясасиге;396,891;14,006;15,805;53,025;224;177,1834821;6,252678571;7,055803571;23,671875
;;;;;;;;;
Наименование блюда;Ккал;Белки;Жиры;Углеводы;Вес,г;На 100г;;;
Роллы;;;;;;Ккал;Белки;Жиры;Углеводы
Авокадо маки;162,356;3,309;0,678;38,73;102;159,172549;3,244117647;0,664705882;37,97058824
Аканасу маки;337,604;10,905;8,203;60,031;180;187,5577778;6,058333333;4,557222222;33,35055556
Аляска;377,744;12,189;11,113;61,812;204;185,1686275;5,975;5,44754902;30,3
Биф ролл;476,614;11,393;23,348;59,258;199;239,5045226;5,725125628;11,73266332;29,77788945
Бонито;297,57;18,362;5,998;45,704;180;165,3166667;10,20111111;3,332222222;25,39111111
Бунсаи маки;425,614;18,064;14,778;60,381;207;205,610628;8,726570048;7,139130435;29,16956522
Вакай маки;449,663;13,041;19,541;60,044;196;229,419898;6,653571429;9,969897959;30,63469388
Вассабико;258,582;7,999;1,816;55,659;153;169,0078431;5,228104575;1,186928105;36,37843137
Вулкан;524,241;9,562;31,13;12,67;222;236,1445946;4,307207207;14,02252252;5,707207207
Гавайский;556,332;13,192;26,632;70,618;210;264,92;6,281904762;12,68190476;33,62761905
Греческий;431,43;5,873;1,458;59,338;165;261,4727273;3,559393939;0,883636364;35,96242424
Динамит;476,406;9,707;11,851;61,104;178;267,6438202;5,453370787;6,657865169;34,32808989
Дракон;406,927;13,036;8,918;45,7;182;223,5862637;7,162637363;4,9;25,10989011
Ика маки;462,492;13,672;12,798;51,122;197;234,7675127;6,940101523;6,496446701;25,95025381
Каеси бетакон маки;642,648;14,856;26,359;63,322;217;296,1511521;6,846082949;12,14700461;29,18064516
Калифорния с лососем (грин);454,703;16,838;12,435;45,798;192;236,8244792;8,769791667;6,4765625;23,853125
Калифорния с креветкой (ночь);362,979;6,653;10,066;7,562;172;211,0343023;3,868023256;5,852325581;4,396511628
Калифорния сяке;307,458;13,026;10,455;43,842;192;160,134375;6,784375;5,4453125;22,834375
Калифорния;389,284;9,526;8,005;46,842;192;202,7520833;4,961458333;4,169270833;24,396875
Канадский ролл;583,29;20,256;17,808;64,688;229;254,7117904;8,845414847;7,776419214;28,24803493
Каппа маки;266,762;3,409;0,298;39,325;102;261,5313725;3,342156863;0,292156863;38,55392157
Кунсей бетакон маки;647,172;15,425;28,42;59,098;215;301,0102326;7,174418605;13,21860465;27,48744186
Кунсей бонито маки;446,282;14,115;10,641;51,263;190;234,8852632;7,428947368;5,600526316;26,98052632
Кунсей маки;462,59;11,493;10,518;59,018;186;248,7043011;6,179032258;5,65483871;31,73010753
Кунсей унаги макиу;443,272;14,398;12,292;46,04;202;219,4415842;7,127722772;6,085148515;22,79207921
Куроширо маки;563,794;16,493;19,538;59,408;214;263,4551402;7,707009346;9,129906542;27,76074766
Лава микс;538,179;9,459;23,592;53,221;207;259,9898551;4,569565217;11,39710145;25,71062802
Лава с креветкой;533,639;11,699;22,522;51,801;202;264,1777228;5,791584158;11,14950495;25,64405941
Лава с угрем;548,852;9,23;22,867;54,181;202;271,7089109;4,569306931;11,32029703;26,82227723
Лава;587,499;12,628;25,055;59,806;202;290,8410891;6,251485149;12,40346535;29,60693069
Майами;498,73;15,233;12,628;59,802;230;216,8391304;6,623043478;5,490434783;26,00086957
Небраска;408,956;5,275;1,348;55,129;168;243,4261905;3,139880952;0,802380952;32,81488095
Ногано;563,808;9,471;21,694;61,202;190;296,7410526;4,984736842;11,41789474;32,21157895
Окинава;594,267;9,925;28,213;10,584;202;294,1915842;4,913366337;13,96683168;5,23960396
Пеппер ролл;287,837;3,22;0,747;34,466;102;282,1931373;3,156862745;0,732352941;33,79019608
Сакура маки;510,015;16,945;13,328;59,104;213;239,443662;7,955399061;6,257276995;27,74835681
Санго;583,018;12,196;22,557;61,341;217;268,6718894;5,620276498;10,39493088;28,26774194
Сиафуд маки;408,969;8,769;8,678;51,4;177;231,0559322;4,954237288;4,902824859;29,03954802
Сити ролл;556,037;19,844;13,922;65,448;237;234,6147679;8,372995781;5,874261603;27,61518987
Скин маки;514,683;11,547;4,651;59,049;179;287,5324022;6,450837989;2,598324022;32,98826816
Сырный ролл;575,463;18,872;18,231;61,684;211;272,7312796;8,944075829;8,64028436;29,23412322
Сяке маки;310,08;8,426;3,036;38,754;108;287,1111111;7,801851852;2,811111111;35,88333333
ТаджМахал;548,101;16,43;23,849;44,989;227;241,454185;7,237885463;10,5061674;19,81894273
Тамаго маки;304,101;5,151;2,646;37,494;102;298,1382353;5,05;2,594117647;36,75882353
Тамаку маки;524,474;13,866;22,02;45,648;234;224,134188;5,925641026;9,41025641;19,50769231
Текка маки;287,83;7,426;0,786;39,254;108;266,5092593;6,875925926;0,727777778;36,3462963
Террияки маки;468,082;18,448;12,871;46,774;197;237,6050761;9,364467005;6,533502538;23,74314721
Тобико скин маки;403,304;12,762;9,566;44,19;187;215,6705882;6,82459893;5,115508021;23,63101604
Токио;388,701;9,136;5,486;53,453;146;266,2335616;6,257534247;3,757534247;36,61164384
Томато маки;513,045;6,383;2,268;59,818;167;307,2125749;3,822155689;1,358083832;35,81916168
Тори маки;435,302;11,682;13,125;44,091;176;247,3306818;6,6375;7,457386364;25,05170455
Тори чакин маки;399,875;10,763;10,501;44,091;202;197,9579208;5,328217822;5,198514851;21,82722772
Тортилья овощная;500,663;9,547;20,683;48,071;151;331,5649007;6,322516556;13,69735099;31,83509934
Тортилья с грибами;640,875;14,461;18,3;85,552;205;312,6219512;7,054146341;8,926829268;41,73268293
Тортилья с копченым лососем;540,063;14,357;23,383;46,861;146;369,9061644;9,833561644;16,01575342;32,09657534
Тортилья с курицей;572,918;17,957;25,313;47,541;176;325,5215909;10,20284091;14,38238636;27,01193182
Тропикана;352,208;11,096;15,015;46,958;201;175,2278607;5,52039801;7,470149254;23,36218905
Унаги маки;375,226;6,944;2,19;59,235;151;248,4940397;4,598675497;1,450331126;39,22847682
Унаги чиз маки;385,549;7,52;8,908;46,015;174;221,5798851;4,32183908;5,11954023;26,4454023
Унаги чукка маки;511,689;12,61;13,529;51,013;222;230,4905405;5,68018018;6,094144144;22,97882883
Филадельфия блэк;590,002;16,411;24,623;10,344;228;258,772807;7,197807018;10,7995614;4,536842105
Филадельфия лава;732,571;27,772;37,59;52,237;292;250,8804795;9,510958904;12,87328767;17,88938356
Филадельфия лайт;399,172;11,769;11,378;39,335;142;281,1070423;8,288028169;8,012676056;27,70070423
Филадельфия люкс;625,16;18,03;19,834;72,222;235;266,0255319;7,672340426;8,44;30,73276596
Филадельфия с авокадо;462,4;11,413;10,618;58,692;182;254,0659341;6,270879121;5,834065934;32,24835165
Филадельфия с креветкой;516,748;23,067;14,106;52,267;226;228,6495575;10,20663717;6,24159292;23,12699115
Филадельфия с луком;461,044;11,445;10,422;58,746;176;261,9568182;6,502840909;5,921590909;33,37840909
Филадельфия с огурцом;461,69;11,463;10,428;58,988;182;253,6758242;6,298351648;5,72967033;32,41098901
Филадельфия с угрем;563,583;12,876;16,53;68,68;202;279,0014851;6,374257426;8,183168317;34
Филадельфия спайс;531,068;19,466;17,687;51,296;228;232,9245614;8,537719298;7,75745614;22,49824561
Филадельфия суприм;523,262;19,187;16,323;52,649;228;229,5008772;8,415350877;7,159210526;23,09166667
Филадельфия томато;516,726;19,108;16,284;51,169;228;226,6342105;8,380701754;7,142105263;22,44254386
Филадельфия фьюжн;458,084;12,981;14,345;45,668;187;244,9647059;6,94171123;7,671122995;24,42139037
Филадельфия;576,414;20,404;19,229;59,068;228;252,8131579;8,949122807;8,43377193;25,90701754
Фри маки;398,427;6,632;7,998;52,623;182;218,9159341;3,643956044;4,394505495;28,91373626
Цезарь;317,465;10,669;6,242;59,233;187;169,7673797;5,705347594;3,337967914;31,67540107
Цунами;467,722;9,033;9,602;68,424;187;250,1187166;4,830481283;5,134759358;36,59037433
Чакин икура маки;537,49;13,313;12,998;64,426;175;307,1371429;7,607428571;7,427428571;36,81485714
Чукка ролл;169,061;2,81;0,625;33,604;102;165,7460784;2,754901961;0,612745098;32,94509804
Шахматы;418,422;10,148;10,192;48,671;191;219,0691099;5,313089005;5,336125654;25,48219895
;;;;;;;;;
Наименование блюда;Ккал;Белки;Жиры;Углеводы;Вес,г;На 100г;;;
Суши;;;;;;Ккал;Белки;Жиры;Углеводы
Каеси гункан;69,39;2,641;3,036;8,473;31;223,8387097;8,519354839;9,793548387;27,33225806
Магуро суши;38,221;2,616;0,306;6,274;29;131,7965517;9,020689655;1,055172414;21,63448276
Суши с гребешком;34,75;2,564;0,059;6,464;29;119,8275862;8,84137931;0,203448276;22,28965517
Сяке Икура суши;80,928;5,774;4,176;5,556;43;188,2046512;13,42790698;9,711627907;12,92093023
Сяке каппа суши;66,512;2,542;3,858;5,948;40;166,28;6,355;9,645;14,87
Сяке суши;52,913;3,209;1,482;7,231;29;182,4586207;11,06551724;5,110344828;24,93448276
Туна каппа суши;65,064;2,306;2,973;7,973;40;162,66;5,765;7,4325;19,9325
Унаги суши;64,084;2,433;1,535;10,235;32;200,2625;7,603125;4,796875;31,984375
Чукка гункан;59,82;0,653;0,443;7,749;31;192,9677419;2,106451613;1,429032258;24,99677419
Эби каппа суши;64,964;2,626;2,833;7,773;40;162,41;6,565;7,0825;19,4325
Эби суши;42,199;3,129;0,133;7,203;29;145,5137931;10,78965517;0,45862069;24,83793103
;;;;;;;;;
Наименование блюда;Ккал;Белки;Жиры;Углеводы;Вес,г;На 100г;;;
Сеты;;;;;;Ккал;Белки;Жиры;Углеводы
Вдохновение;6069,898;175,519;158,201;973,125;2620;231,6754962;6,699198473;6,038206107;37,14217557
Гурман;2235,444;70,738;101,326;313,805;1035;215,9849275;6,834589372;9,789951691;30,31932367
Изобилие;5197,166;143,118;135,965;823,44;2450;212,1292245;5,84155102;5,549591837;33,60979592
Калифорния сет;1388,138;40,665;49,979;197,304;730;190,1558904;5,570547945;6,846438356;27,02794521
Классика сет;2287,197;70,09;41,126;444,116;1205;189,8088797;5,81659751;3,412946058;36,85609959
Лава сет;2033,233;63,604;108,734;228,526;890;228,4531461;7,146516854;12,21730337;25,67707865
Лед и пламя сет;3279,158;93,569;135,023;420,458;1550;211,5585806;6,036709677;8,71116129;27,12632258
Половика сет;1884,248;50,741;38,806;293,307;742,5;253,7707744;6,833804714;5,226397306;39,50262626
Рандеву;1506,255;27,009;6,638;278,598;770;195,6175325;3,507662338;0,862077922;36,18155844
Рэд;1662,742;79,222;70,875;193,384;804;206,8087065;9,853482587;8,815298507;24,05273632
Суши сет;651,502;21,536;26,284;75,834;362;179,9729282;5,949171271;7,260773481;20,94861878
Филадельфия нью;2084,574;92,829;85,581;258,281;990;210,5630303;9,376666667;8,644545455;26,0889899
Филадельфия сет;2707,027;80,774;79,087;395,082;1150;235,3936522;7,023826087;6,877130435;34,35495652
Хит сет;2909,632;77,423;84,803;388,856;1005;289,5156219;7,703781095;8,438109453;38,6921393
Хоссомаки крем сет;1164,595;32,735;48,192;162,731;560;207,9633929;5,845535714;8,605714286;29,05910714
Хот сет;3812,99;64,627;53,987;541,264;955;399,2659686;6,767225131;5,653089005;56,67685864
Яки сет;2306,786;63,043;108,438;313,526;1035;222,8778744;6,091111111;10,47710145;30,29236715
;;;;;;;;;
Наименование блюда;Ккал;Белки;Жиры;Углеводы;Вес,г;На 100г;;;
Суши-торты;;;;;;Ккал;Белки;Жиры;Углеводы
Эверест;6849,681;190,579;354,668;832,358;3003;228,0946054;6,346287046;11,81045621;27,71754912
Монблан;5165,712;143,079;728,54;580,684;2353;219,5372716;6,080705482;30,96217595;24,67845304
;;;;;;;;;
Наименование блюда;Ккал;Белки;Жиры;Углеводы;Вес,г;На 100г;;;
Соусы;;;;;;Ккал;Белки;Жиры;Углеводы
Лава соус;211,965;2,058;24,395;1,98;50;423,93;4,116;48,79;3,96
Ореховый соус;134,637;0,091;2,371;0,577;30;448,79;0,303333333;7,903333333;1,923333333
Сырно-чесночный соус;158,355;6,752;13,821;1,813;50;316,71;13,504;27,642;3,626
Тар-тар соус;159,196;0,757;16,356;1,813;50;318,392;1,514;32,712;3,626
Лауч соус;226,45;0,26;24,294;2,002;50;452,9;0,52;48,588;4,004
Оливковый острый соус (для пиццы);190,052;0,133;0,011;21,452;25;760,208;0,532;0,044;85,808
Оливковый соус (для пиццы);184,119;0,123;0,01;20,769;25;736,476;0,492;0,04;83,076
Соевый соус;330;41;0;42;20;66;8,2;0;8,4
Васаби;2536;110;24;470;5;126,8;5,5;1,2;23,5
Имбирь;83,33333333;1,666666667;0;18,33333333;18;15;0,3;0;3,3
;;;;;;;;;
